{
  "25691649M" : 0.0,
  "43401086V" : 2.9775514870226696E-26,
  "75897648V" : 2.5013074734842362E-79,
  "28614411L" : 3.3477761428164938E-31,
  "30546624W" : 0.0,
  "77349995Y" : 5.479471957229245E-272,
  "52555297K" : 3.035088743340843E-168,
  "77452138Y" : 6.923687377597774E-233,
  "42848833V" : 4.5224418160488326E-220,
  "44576737T" : 7.900854008929662E-248,
  "25721366Y" : 1.1575094638473658E-239,
  "26485849S" : 1.856213891572573E-100,
  "08869002H" : 1.6257532265578955E-213,
  "53157143A" : 1.4961666856779555E-70,
  "25326027Z" : 4.1848798114063194E-78,
  "23258148L" : 1.12821143467161E-137,
  "33385982X" : 0.0,
  "27347150N" : 1.394906726173539E-33,
  "26206754W" : 3.770703144845806E-15,
  "30787489B" : 0.0,
  "77369848X" : 2.557613937903126E-106,
  "71891915X" : 1.1634192147831783E-61,
  "44580305A" : 6.445187123515878E-105,
  "47539580Y" : 0.0,
  "34012931W" : 0.0,
  "74657046N" : 1.1724585167143574E-48,
  "80149297R" : 12.0,
  "31224956H" : 4.629733868323382E-183,
  "44756577A" : 9.428624132612737E-135,
  "52291572Z" : 2.0731727118748726E-158,
  "03888739Z" : 1.3598977114345284E-136,
  "26458859G" : 0.0,
  "74696158R" : 4.1167141788375903E-215,
  "77358020G" : 6.839341347500418E-48,
  "51912211S" : 0.0,
  "25605303R" : 0.0,
  "76368363Z" : 2.887608639557716E-85,
  "07000661J" : 1.22186945997033E-71,
  "75221555D" : 0.0,
  "29079614R" : 3.143744865418513E-52,
  "26039231B" : 4.425,
  "22723547F" : 0.0,
  "25583669X" : 1.246668700370526E-187,
  "26466515R" : 8.420339053044922E-149,
  "08916623Y" : 1.321237031268516E-56,
  "70938789G" : 0.013333333333333334,
  "15441401Y" : 6.753086772567416E-19,
  "47029355J" : 1.0150615318115975E-280,
  "53397625C" : 2.233859982088615E-75,
  "74726486S" : 1.741638564530418E-58,
  "45606554S" : 1.066229809527423E-189,
  "06572131L" : 6.106940296757228E-250,
  "23275278Z" : 3.599258180338319E-164,
  "26817202F" : 1.399307086208434E-197,
  "24263559P" : 0.0,
  "25975666H" : 5.657174479567642E-133,
  "76120779W" : 5.428048688492394E-52,
  "48956848Z" : 3.4027777777777783E-4,
  "31841670X" : 1.1044545253186671E-128,
  "08922687K" : 6.529001358053299E-144,
  "03118784F" : 2.0042527832405734E-85,
  "08919481N" : 1.2462637279675996E-230,
  "53682231R" : 1.8466221638251126E-44,
  "53699673D" : 6.677939214504025E-241,
  "75136159N" : 1.380931874604229E-244,
  "53686714E" : 6.51884640492749E-102,
  "25609716K" : 2.3286917027204397E-114,
  "30957748R" : 4.451062239044915E-196,
  "26800485B" : 1.3720717085909044E-171,
  "27347116R" : 2.481497827098961E-125,
  "30836686B" : 0.0,
  "50602307F" : 5.526165473965031E-211,
  "24228342G" : 6.06743244897264E-262,
  "76997333A" : 3.6452301180424714E-193,
  "09057185S" : 2.067271460990025E-21,
  "77452049D" : 3.1656379951287648E-40,
  "34865827N" : 2.755164073475711E-173,
  "75128842D" : 6.729824131025038E-224,
  "51910600Z" : 1.4178816604869858E-28,
  "52296143P" : 3.393868046287373E-82,
  "26819714N" : 1.1674319322942841E-123,
  "46687316F" : 0.0,
  "28924916R" : 1.6616849706234664E-228,
  "29077348N" : 0.0,
  "74930610Z" : 8.359053497942386E-9,
  "75743031Y" : 2.084969764768688E-263,
  "77455402G" : 1.5463190528205393E-16,
  "74727234G" : 1.6433606701343242E-253,
  "78961479H" : 0.0,
  "74663933E" : 2.781474650764984E-260,
  "08917479B" : 2.901778381357022E-146,
  "75096690B" : 4.362645474495947E-246,
  "75115004V" : 5.814568049205633E-218,
  "30511931Q" : 0.0,
  "08929037T" : 4.410289559400072E-54,
  "50959274Z" : 0.0,
  "53656255S" : 5.124458003644667E-255,
  "78981279S" : 8.857909186843205E-187,
  "53593134Y" : 0.0,
  "76750157P" : 1.4243517972443885E-180,
  "12731426Y" : 0.0,
  "77185129G" : 0.0,
  "43719588S" : 3.164985680543612E-209,
  "74901717D" : 8.017011132962295E-82,
  "26043643F" : 1.1221250142584661E-68,
  "32028489T" : 1.8799225962870927E-128,
  "52520495H" : 6.120233457248947E-42,
  "33397284L" : 1.4131408010254812E-36,
  "76876932F" : 0.0,
  "75111043N" : 7.000790698654494E-29,
  "26012958G" : 4.868769584148312E-140,
  "74884118M" : 2.2969535893918608E-10,
  "25661407P" : 7.726835113399122E-227,
  "45070008J" : 2.8534454315546154E-221,
  "08922573E" : 0.0,
  "52294297W" : 4.123127129369277E-257,
  "33361615T" : 2.431794140605109E-200,
  "45598046V" : 5.918087325199153E-66,
  "44590674E" : 1.2624703389456173E-268,
  "25567484V" : 2.741553786252012E-130,
  "03927426S" : 0.0,
  "31736466P" : 1.7183237167700392E-93,
  "77455412Z" : 1.4744889785624897E-235,
  "77455262W" : 8.767155131566787E-275,
  "78039825C" : 9.949094320098526E-90,
  "77348976E" : 1.9532483057069144E-204,
  "07986998H" : 1.9084188427366328E-252,
  "75006921B" : 7.2177584265657895E-168,
  "74826524A" : 8.770966865237056E-119,
  "08915602C" : 1.7354871524360705E-23,
  "25931941Q" : 1.8734501634228896E-97,
  "30458572V" : 1.92324649377716E-235,
  "45714123J" : 1.5432098765432098E-6,
  "52571560T" : 4.823633408976726E-22,
  "08922178H" : 1.8047708875696418E-157,
  "77336794F" : 5.469095255979366E-202,
  "08906635T" : 3.886310332174579E-145,
  "27337182A" : 1.5997014203268703E-64,
  "25734377E" : 4.847580061596576E-64,
  "74867075M" : 3.8291557189077537E-35,
  "08915544P" : 3.3485661960845358E-276,
  "75377711H" : 4.198174741546617E-153,
  "53771268M" : 4.950111452011359E-174,
  "80133984Y" : 3.2908327454550107E-195,
  "74868422H" : 0.0,
  "09058618E" : 0.0,
  "25595687E" : 4.710469336751604E-38,
  "31717730V" : 0.0,
  "08914265V" : 3.410151917204168E-111,
  "X4645120V" : 1.332753886205274E-156,
  "48937339D" : 9.87040872550341E-225,
  "33347173W" : 0.0,
  "80150807Q" : 0.0,
  "53151310N" : 9.223672554727096E-206,
  "26480492V" : 0.0,
  "07961211Z" : 3.59843549275424E-150,
  "79034537M" : 2.227456669887088E-97
}